"edad","lugar_residencia","trabaja","ingreso_mensual","familiares_graduados","familiares_misma_carrera","conocimiento_plan_estudios","conocimiento_areas_carrera","previo_test_vocacional","momento_test_vocacional","resultados_congruentes_test","conocimiento_test_unah","satisfaccion_carrera","satisfaccion_docentes","motivacion","opcion_inicial_carrera","cambio_carrera","interes_herramienta_tecnologica","pensado_cambio_carrera","veces._cambio_carrera","año_carrera","procentaje_clases_cursadas","porcentaje_clases_facultad","porcentaje_clases_matematica","indice_academico","reprobado","año_reprobacion","reprobado_mas_de_dos","estudia_grupo","horas_estudio_diario","comunicación_oral_escrita.","asesoria_universitaria","jornada","razones_eleccion_carrera","factores_no_cambio","factores_cambio_carrera","multiple_carrera","lugar_origen"
"21-24 años","Padres","Si","0 - 3000 L.","Si","No","Si","Si","Si","Antes de cursar la carrera","No","No","Poco satisfecho","Poco satisfecho",3,"Si","No","Si","Sí",0,4,"mas de 50%","50-70%","0-30%","80-89","Si","2","Si","Tal vez","2-4 horas","Alta","Ninguna","Doble Jornada","Influencia Familiar/Conocidos","Recursos y tiempo invertidos","No aplica","No","Centro Oriental"
"21-24 años","Padres","No","Mayor a 6000 L.","Si","No","Si","Si","Si","Durante la carrera","Si","Si","Muy satisfecho","Nada satisfecho",5,"Si","Sí","Si","No aplica",1,3,"mas de 50%","30-50%","30-50%","70-79","Si","1","Si","Si","mas de 4 horas","Alta","Ninguna","Doble Jornada","Vocación","No aplica","Falta de puntos en la PAA","No","Sur"
"21-24 años","Padres","Si","Mayor a 6000 L.","Si","No","No","Si","No","No realizo test","Si","No","Poco satisfecho","Poco satisfecho",1,"Si","No","Si","Sí",0,3,"mas de 50%","0-30%","50-70%","65-69","Si","2","Si","Si","0-2 horas","Muy alta","Ninguna","Doble Jornada","Demanda laboral y Beneficio economico","No cumple con requisitos requeridos","No aplica","No","Centro Oriental"
"21-24 años","Familiares","No","0 - 3000 L.","Si","No","Si","Si","No","No realizo test","Si","Si","Poco satisfecho","Poco satisfecho",4,"Si","No","Si","Sí",0,2,"0-20%","0-30%","30-50%","<65","Si","1","Si","No","0-2 horas","Muy alta","Ninguna","Unica Jornada","Demanda laboral y Beneficio economico","Opinion familiar/amigos","No aplica","No","Centro Occidental"
"21-24 años","Propia","Si","3000- 6000 L.","Si","Si","Si","Si","Si","Antes de cursar la carrera","Si","Si","Muy satisfecho","Muy satisfecho",5,"Si","No","Si","Tal vez",0,2,"0-20%","30-50%","50-70%","70-79","Si","1","No","Si","0-2 horas","Alta","Feria vocacional y Curso induccion","Unica Jornada","Demanda laboral y Beneficio economico","Recursos y tiempo invertidos","No aplica","No","Centro Oriental"
"mayor de 28","Propia","Si","Mayor a 6000 L.","Si","Si","Si","Si","No","No realizo test","Si","No","Muy satisfecho","Poco satisfecho",5,"Si","No","Si","No",0,2,"20-50%","0-30%","0-30%","<65","Si","1","Si","No","0-2 horas","Muy alta","Ninguna","Unica Jornada","Demanda laboral y Beneficio economico","No aplica","No aplica","No","Centro Oriental"
"mayor de 28","Padres","No","0 - 3000 L.","Si","No","No","Si","No","No realizo test","Si","Si","Poco satisfecho","Poco satisfecho",3,"Si","No","Si","Tal vez",0,3,"20-50%","30-50%","0-30%","<65","Si","1","Si","Si","0-2 horas","Muy alta","Ninguna","Unica Jornada","Vocación","No cumple con requisitos requeridos","No aplica","No","Centro Oriental"
"21-24 años","Padres","Si","Mayor a 6000 L.","Si","No","Si","Si","Si","Durante la carrera","Si","No","Poco satisfecho","Muy satisfecho",4,"No","No","Si","No",0,4,"mas de 50%","mas de 70%","mas de 70%","70-79","Si","3","Si","Tal vez","0-2 horas","Media","Ninguna","Unica Jornada","Demanda laboral y Beneficio economico","No aplica","No aplica","No","Centro Oriental"
"25-28 años","Aquiler independiente","Si","Mayor a 6000 L.","Si","No","Si","Si","No","No realizo test","Si","No","Muy satisfecho","Poco satisfecho",4,"No","Sí","Si","No aplica",1,4,"mas de 50%","mas de 70%","30-50%","65-69","Si","1","Si","Tal vez","2-4 horas","Muy alta","Ninguna","Jornada completa","Demanda laboral y Beneficio economico","No aplica","Factor económico","No","Centro Oriental"
"mayor de 28","Padres","Si","Mayor a 6000 L.","Si","No","No","Si","No","No realizo test","Si","No","No satisfecho","Poco satisfecho",1,"No","Sí","Si","No aplica",1,1,"0-20%","0-30%","0-30%","<65","Si","1","Si","No","0-2 horas","Alta","Feria vocacional y Curso induccion","Unica Jornada","Vocación","No aplica","Falta de puntos en la PAA","No","Centro Oriental"
"21-24 años","Propia","No","Mayor a 6000 L.","No","No","Si","Si","Si","Antes de cursar la carrera","Si","Si","Muy satisfecho","Poco satisfecho",3,"Si","Sí","Si","No aplica",1,3,"20-50%","30-50%","0-30%","90-100","Si","1","Si","Si","0-2 horas","Media","Feria vocacional y Curso induccion","Doble Jornada","Demanda laboral y Beneficio economico","No aplica","Falta de puntos en la PAA","No","Centro Oriental"
"21-24 años","Familiares","No","0 - 3000 L.","Si","No","No","Si","Si","Antes de cursar la carrera;Durante la carrera","No","Si","Muy satisfecho","Poco satisfecho",5,"Si","No","Si","No",0,5,"mas de 50%","mas de 70%","mas de 70%","80-89","Si","1","No","Si","2-4 horas","Muy alta","Ninguna","Doble Jornada","Demanda laboral y Beneficio economico","No aplica","No aplica","Si","Centro Oriental"
"25-28 años","Aquiler independiente","Si","Mayor a 6000 L.","Si","No","No","Si","Si","Durante la carrera","Si","No","Poco satisfecho","Poco satisfecho",4,"Si","No","No","No",0,3,"20-50%","30-50%","0-30%","<65","Si","1","Si","Tal vez","0-2 horas","Media","Feria vocacional y Curso induccion","Unica Jornada","Vocación","No aplica","No aplica","Si","Centro Oriental"
"21-24 años","Padres","Si","Mayor a 6000 L.","Si","Si","No","Si","No","No realizo test","Si","Si","Muy satisfecho","Muy satisfecho",4,"Si","No","Si","Sí",0,5,"mas de 50%","mas de 70%","mas de 70%","70-79","Si","2","Si","Tal vez","0-2 horas","Baja","Ninguna","Unica Jornada","Vocación","No contestó","No aplica","No","Centro Oriental"
"25-28 años","Aquiler independiente","No","0 - 3000 L.","Si","No","Si","Si","No","No realizo test","Si","No","Muy satisfecho","Poco satisfecho",4,"Si","No","Si","No",0,5,"mas de 50%","mas de 70%","mas de 70%","70-79","Si","2","Si","Si","0-2 horas","Muy alta","Feria vocacional y Curso induccion","Jornada completa","Demanda laboral y Beneficio economico","No aplica","No aplica","No","Centro Oriental"
"mayor de 28","Propia","Si","Mayor a 6000 L.","Si","No","Si","Si","No","No realizo test","Si","Si","Poco satisfecho","Poco satisfecho",4,"No","Sí","Si","No aplica",1,5,"mas de 50%","mas de 70%","30-50%","80-89","Si","1","No","Si","2-4 horas","Alta","Ninguna","Jornada completa","Vocación","No aplica","Factor económico","No","Centro Oriental"
"25-28 años","Padres","No","0 - 3000 L.","Si","Si","Si","Si","Si","Antes de cursar la carrera","Si","Si","Muy satisfecho","Poco satisfecho",4,"Si","No","Si","No",0,5,"mas de 50%","mas de 70%","30-50%","70-79","Si","2","No","Si","0-2 horas","Media","Feria vocacional y Curso induccion","Jornada completa","Demanda laboral y Beneficio economico","No aplica","No aplica","No","Centro Oriental"
"mayor de 28","Familiares","No","0 - 3000 L.","Si","No","Si","Si","No","No realizo test","Si","No","No satisfecho","Nada satisfecho",1,"Si","No","Si","Sí",0,1,"0-20%","0-30%","0-30%","70-79","Si","1","No","Si","0-2 horas","Muy alta","Ninguna","Jornada completa","Vocación","Actualmente en proceso de cambio","No aplica","No","Centro Oriental"
"21-24 años","Padres","Si","3000- 6000 L.","No","No","Si","Si","No","No realizo test","Si","No","Muy satisfecho","Muy satisfecho",5,"Si","No","Si","No",0,3,"20-50%","0-30%","30-50%","70-79","Si","1","No","Si","0-2 horas","Alta","Feria vocacional y Curso induccion","Unica Jornada","Vocación","No aplica","No aplica","No","Centro Oriental"
"21-24 años","Propia","Si","Mayor a 6000 L.","Si","No","Si","Si","Si","Antes de cursar la carrera;Durante la carrera","Si","No","Muy satisfecho","Muy satisfecho",4,"No","Sí","Si","No aplica",1,3,"20-50%","0-30%","mas de 70%","70-79","Si","2","Si","Si","0-2 horas","Muy alta","Feria vocacional y Curso induccion","Unica Jornada","Influencia Familiar/Conocidos","No aplica","Influencia familiar","No","Centro Oriental"
"25-28 años","Aquiler independiente","Si","Mayor a 6000 L.","Si","No","Si","Si","Si","Durante la carrera","Si","Si","Muy satisfecho","Muy satisfecho",5,"Si","No","Si","No",0,4,"mas de 50%","30-50%","30-50%","70-79","Si","1","Si","Si","2-4 horas","Muy alta","Ninguna","Unica Jornada","Demanda laboral y Beneficio economico","No aplica","No aplica","No","Noroccidental"
"21-24 años","Aquiler independiente","Si","Mayor a 6000 L.","Si","Si","No","Si","No","No realizo test","Si","No","Poco satisfecho","Poco satisfecho",3,"No","Sí","Si","No aplica",1,5,"mas de 50%","mas de 70%","mas de 70%","80-89","Si","1","No","Tal vez","0-2 horas","Media","Ninguna","Unica Jornada","Influencia Familiar/Conocidos","No aplica","Falta de puntos en la PAA","No","Centro Oriental"
"21-24 años","Aquiler independiente","No","0 - 3000 L.","Si","Si","Si","Si","No","No realizo test","Si","Si","Poco satisfecho","Muy satisfecho",3,"No","No","Si","No",0,4,"mas de 50%","30-50%","30-50%","70-79","Si","1","No","Tal vez","2-4 horas","Media","Ninguna","Jornada completa","Vocación","No aplica","No aplica","No","Occidental"
"17-20 años","Aquiler independiente","No","0 - 3000 L.","Si","No","No","No","No","No realizo test","Si","No","Poco satisfecho","Poco satisfecho",3,"Si","No","Si","Sí",0,3,"mas de 50%","0-30%","30-50%","70-79","Si","2","Si","Si","2-4 horas","Alta","Ninguna","Unica Jornada","Demanda laboral y Beneficio economico","Recursos y tiempo invertidos","No aplica","No","Centro Oriental"
"21-24 años","Padres","No","0 - 3000 L.","Si","Si","Si","Si","No","No realizo test","Si","No","Muy satisfecho","Muy satisfecho",4,"No","Sí","Si","No aplica",1,4,"mas de 50%","50-70%","mas de 70%","80-89","Si","2","No","Tal vez","mas de 4 horas","Muy alta","Ninguna","Doble Jornada","Vocación","No aplica","Cambio de intereses personales","Si","Centro Oriental"
"21-24 años","Padres","Si","3000- 6000 L.","No","No","Si","Si","No","No realizo test","Si","No","Muy satisfecho","Muy satisfecho",4,"Si","No","Si","Tal vez",0,2,"0-20%","0-30%","0-30%","70-79","Si","2","No","Tal vez","0-2 horas","Alta","Ninguna","Unica Jornada","Demanda laboral y Beneficio economico","No contestó","No aplica","No","Centro Oriental"
"21-24 años","Aquiler independiente","No","3000- 6000 L.","No","No","Si","Si","No","No realizo test","Si","No","Muy satisfecho","Muy satisfecho",3,"Si","No","Si","Sí",0,3,"20-50%","30-50%","30-50%","70-79","Si","2","No","Tal vez","2-4 horas","Baja","Ninguna","Doble Jornada","Demanda laboral y Beneficio economico","Recursos y tiempo invertidos","No aplica","No","Centro Oriental"
"25-28 años","Familiares","No","0 - 3000 L.","Si","No","No","Si","Si","Durante la carrera","Si","Si","No satisfecho","Poco satisfecho",5,"No","Sí","Si","No aplica",1,5,"mas de 50%","mas de 70%","mas de 70%","70-79","Si","2","Si","Tal vez","0-2 horas","Alta","Orientacion VOAE","Unica Jornada","Vocación","No aplica","Cambio de intereses personales","No","Centro Oriental"
"21-24 años","Aquiler independiente","No","3000- 6000 L.","No","No","Si","Si","Si","Antes de cursar la carrera","No","No","Muy satisfecho","Muy satisfecho",5,"Si","Sí","Si","No aplica",2,3,"20-50%","0-30%","mas de 70%","65-69","Si","2","Si","Si","0-2 horas","Baja","Ninguna","Unica Jornada","Vocación","No aplica","Cambio de intereses personales","No","Occidental"
"21-24 años","Propia","Si","Mayor a 6000 L.","Si","No","Si","Si","No","No realizo test","Si","No","Poco satisfecho","Poco satisfecho",3,"Si","No","Si","Tal vez",0,1,"0-20%","0-30%","0-30%","65-69","Si","1","Si","Tal vez","0-2 horas","Muy alta","Ninguna","Unica Jornada","Vocación","Actualmente en proceso de cambio","No aplica","No","Noroccidental"
"21-24 años","Padres","No","0 - 3000 L.","No","No","Si","Si","No","No realizo test","Si","No","Poco satisfecho","Poco satisfecho",3,"No","Sí","Si","No aplica",1,3,"20-50%","0-30%","0-30%","65-69","Si","1","Si","Tal vez","0-2 horas","Alta","Feria vocacional y Curso induccion","Unica Jornada","Influencia Familiar/Conocidos","No aplica","Influencia familiar","No","Centro Oriental"
"21-24 años","Familiares","No","3000- 6000 L.","Si","No","Si","No","Si","Antes de cursar la carrera","Si","Si","Muy satisfecho","Poco satisfecho",4,"Si","Sí","Si","No aplica",1,4,"mas de 50%","50-70%","0-30%","70-79","Si","1","Si","Tal vez","2-4 horas","Alta","Orientacion VOAE","Unica Jornada","Vocación","No aplica","Cambio de intereses personales","No","Centro Oriental"
"21-24 años","Padres","No","0 - 3000 L.","Si","No","Si","No","No","No realizo test","Si","No","No satisfecho","Poco satisfecho",2,"No","No","Si","Sí",0,2,"0-20%","0-30%","30-50%","65-69","Si","1","No","Tal vez","0-2 horas","Muy alta","Ninguna","Doble Jornada","Demanda laboral y Beneficio economico","No cumple con requisitos requeridos","No aplica","No","Centro Oriental"
"21-24 años","Familiares","No","0 - 3000 L.","Si","No","Si","Si","No","No realizo test","Si","Si","Poco satisfecho","Poco satisfecho",3,"Si","No","Si","Sí",0,5,"mas de 50%","mas de 70%","mas de 70%","80-89","Si","1","Si","Si","0-2 horas","Muy alta","Feria vocacional y Curso induccion","Unica Jornada","Influencia Familiar/Conocidos","Recursos y tiempo invertidos","No aplica","No","Centro Oriental"
"21-24 años","Padres","Si","Mayor a 6000 L.","Si","No","No","Si","No","No realizo test","Si","Si","Muy satisfecho","Muy satisfecho",4,"Si","No","No","Tal vez",0,5,"mas de 50%","mas de 70%","mas de 70%","90-100","No","No aplica","Si","Tal vez","0-2 horas","Media","Feria vocacional y Curso induccion","Unica Jornada","Influencia Familiar/Conocidos","Recursos y tiempo invertidos","No aplica","No","Centro Oriental"
"21-24 años","Familiares","Si","Mayor a 6000 L.","No","No","No","Si","No","No realizo test","Si","Si","Muy satisfecho","Poco satisfecho",3,"No","Sí","Si","No aplica",1,2,"0-20%","0-30%","50-70%","80-89","No","No aplica","Si","Si","0-2 horas","Media","Feria vocacional y Curso induccion","Unica Jornada","Vocación","No aplica","Falta de puntos en la PAA","No","Centro Oriental"
"25-28 años","Padres","No","0 - 3000 L.","Si","No","No","Si","No","No realizo test","Si","Si","Poco satisfecho","Poco satisfecho",3,"No","No","Si","Sí",0,3,"mas de 50%","0-30%","0-30%","65-69","Si","2","Si","Tal vez","0-2 horas","Media","Ninguna","Unica Jornada","Demanda laboral y Beneficio economico","No cumple con requisitos requeridos","No aplica","No","Centro Oriental"
"21-24 años","Padres","No","0 - 3000 L.","Si","No","Si","No","No","No realizo test","Si","No","Muy satisfecho","Nada satisfecho",3,"Si","No","Si","Sí",0,3,"mas de 50%","30-50%","0-30%","65-69","Si","1","Si","No","2-4 horas","Media","Orientacion VOAE","Unica Jornada","Vocación","No cumple con requisitos requeridos","No aplica","No","Sur"
"21-24 años","Familiares","No","3000- 6000 L.","Si","No","Si","Si","Si","Durante la carrera","Si","Si","Muy satisfecho","Poco satisfecho",4,"Si","No","Si","Tal vez",0,5,"mas de 50%","mas de 70%","mas de 70%","80-89","No","No aplica","Si","Tal vez","2-4 horas","Alta","Ninguna","Unica Jornada","Demanda laboral y Beneficio economico","Recursos y tiempo invertidos","No aplica","No","Centro Occidental"
"25-28 años","No contestó","No","3000- 6000 L.","Si","No","Si","Si","No","No realizo test","Si","No","Poco satisfecho","Poco satisfecho",3,"No","Sí","Si","No aplica",1,2,"0-20%","0-30%","0-30%","<65","Si","2","No","Si","0-2 horas","Alta","Feria vocacional y Curso induccion","Unica Jornada","Vocación","No aplica","Falta de puntos en la PAA","No","Centro Oriental"
"21-24 años","No contestó","Si","0 - 3000 L.","No","No","Si","No","No","No realizo test","Si","No","Poco satisfecho","Muy satisfecho",1,"Si","No","Si","Tal vez",0,2,"20-50%","0-30%","50-70%","70-79","Si","2","No","Tal vez","mas de 4 horas","Muy alta","Ninguna","Unica Jornada","Vocación","Recursos y tiempo invertidos","No aplica","No","Centro Oriental"
"25-28 años","Aquiler independiente","No","3000- 6000 L.","No","No","Si","Si","Si","Durante la carrera","Si","No","Muy satisfecho","Poco satisfecho",4,"No","Sí","Si","No aplica",1,5,"mas de 50%","mas de 70%","0-30%","80-89","Si","1","No","Si","mas de 4 horas","Alta","Ninguna","Unica Jornada","Demanda laboral y Beneficio economico","No aplica","Factor económico","No","Centro Oriental"
"21-24 años","Propia","No","0 - 3000 L.","Si","No","No","Si","No","No realizo test","Si","Si","Muy satisfecho","Poco satisfecho",4,"No","Sí","Si","No aplica",1,2,"20-50%","0-30%","mas de 70%","<65","Si","1","Si","No","0-2 horas","Alta","Ninguna","Unica Jornada","Vocación","No aplica","No era lo que esperaba","No","Centro Oriental"
"21-24 años","Padres","No","0 - 3000 L.","Si","No","Si","Si","Si","Antes de cursar la carrera;Durante la carrera","Si","Si","Poco satisfecho","Poco satisfecho",1,"Si","Sí","Si","No aplica",1,2,"20-50%","0-30%","30-50%","65-69","Si","2","No","Si","0-2 horas","Alta","Ninguna","Unica Jornada","Demanda laboral y Beneficio economico","No aplica","Falta de puntos en la PAA","No","Centro Oriental"
"21-24 años","Padres","No","0 - 3000 L.","Si","No","No","Si","No","No realizo test","Si","Si","Poco satisfecho","Poco satisfecho",1,"Si","Sí","Si","No aplica",1,1,"0-20%","0-30%","0-30%","65-69","Si","1","No","Si","0-2 horas","Alta","Ninguna","Unica Jornada","Vocación","No aplica","Falta de puntos en la PAA","No","Centro Oriental"
"17-20 años","Padres","No","0 - 3000 L.","Si","No","Si","Si","No","No realizo test","Si","Si","Muy satisfecho","Poco satisfecho",4,"Si","No","Si","Tal vez",0,2,"0-20%","0-30%","30-50%","65-69","Si","1","Si","Tal vez","2-4 horas","Alta","Ninguna","Unica Jornada","Vocación","Recursos y tiempo invertidos","No aplica","No","Centro Oriental"
"21-24 años","Familiares","No","0 - 3000 L.","No","No","Si","Si","Si","Antes de cursar la carrera","Si","Si","Poco satisfecho","Poco satisfecho",4,"Si","Sí","Si","No aplica",1,3,"20-50%","0-30%","30-50%","80-89","Si","2","No","Si","mas de 4 horas","Media","Orientacion VOAE","Doble Jornada","Demanda laboral y Beneficio economico","No aplica","Falta de puntos en la PAA","No","Centro Oriental"
"mayor de 28","Propia","Si","Mayor a 6000 L.","Si","No","No","Si","Si","Antes de cursar la carrera","Si","Si","Poco satisfecho","Poco satisfecho",3,"Si","No","Si","No",0,5,"mas de 50%","mas de 70%","mas de 70%","70-79","Si","1","Si","No","0-2 horas","Media","Ninguna","Doble Jornada","Vocación","No aplica","No aplica","No","Centro Oriental"
"21-24 años","Familiares","No","3000- 6000 L.","Si","No","No","Si","No","No realizo test","Si","No","Poco satisfecho","Muy satisfecho",2,"Si","No","Si","Sí",0,2,"20-50%","0-30%","mas de 70%","<65","Si","1","Si","No","2-4 horas","Muy alta","Ninguna","Doble Jornada","Vocación","Recursos y tiempo invertidos","No aplica","No","Nororiental"
"21-24 años","Padres","Si","Mayor a 6000 L.","No","No","Si","Si","No","No realizo test","Si","Si","Poco satisfecho","Poco satisfecho",2,"Si","No","Si","Sí",0,2,"0-20%","0-30%","0-30%","65-69","Si","1","Si","Si","0-2 horas","Alta","Ninguna","Unica Jornada","Influencia Familiar/Conocidos","Opinion familiar/amigos","No aplica","No","Centro Oriental"
"17-20 años","Padres","No","0 - 3000 L.","Si","No","Si","Si","Si","Durante la carrera","Si","Si","Muy satisfecho","Muy satisfecho",5,"Si","Sí","Si","No aplica",1,3,"20-50%","0-30%","mas de 70%","70-79","Si","2","No","Tal vez","0-2 horas","Media","Feria vocacional y Curso induccion","Doble Jornada","Demanda laboral y Beneficio economico","No aplica","Falta de puntos en la PAA","No","Centro Oriental"
"21-24 años","Padres","No","0 - 3000 L.","Si","No","Si","Si","Si","Antes de cursar la carrera","Si","Si","Muy satisfecho","Muy satisfecho",5,"Si","Sí","Si","No aplica",1,2,"20-50%","0-30%","mas de 70%","70-79","Si","1","No","Si","2-4 horas","Alta","Orientacion VOAE","Doble Jornada","Influencia Familiar/Conocidos","No aplica","No era lo que esperaba","No","Centro Oriental"
"21-24 años","Aquiler independiente","No","0 - 3000 L.","Si","No","No","No","Si","Antes de cursar la carrera","Si","No","Muy satisfecho","Muy satisfecho",4,"Si","No","Si","Tal vez",0,3,"20-50%","0-30%","mas de 70%","70-79","Si","1","Si","Si","2-4 horas","Alta","Ninguna","Doble Jornada","Demanda laboral y Beneficio economico","Recursos y tiempo invertidos","No aplica","No","Occidental"
"21-24 años","Familiares","No","0 - 3000 L.","No","No","Si","No","No","No realizo test","Si","Si","Muy satisfecho","Muy satisfecho",5,"Si","No","No","Sí",0,3,"20-50%","0-30%","50-70%","70-79","Si","2","No","Si","2-4 horas","Media","Ninguna","Doble Jornada","Demanda laboral y Beneficio economico","Recursos y tiempo invertidos","No aplica","No","Sur"
"21-24 años","Padres","No","3000- 6000 L.","Si","No","Si","Si","Si","Antes de cursar la carrera","No","Si","Muy satisfecho","Muy satisfecho",5,"No","Sí","No","No aplica",1,3,"20-50%","0-30%","0-30%","70-79","Si","1","No","Si","mas de 4 horas","Alta","Orientacion VOAE","Doble Jornada","Demanda laboral y Beneficio economico","No aplica","Cambio de intereses personales","No","Centro Oriental"
"21-24 años","Padres","No","Mayor a 6000 L.","Si","No","Si","Si","Si","Durante la carrera","Si","Si","Poco satisfecho","Poco satisfecho",2,"No","Sí","Si","No aplica",1,2,"20-50%","0-30%","mas de 70%","70-79","Si","1","No","Tal vez","0-2 horas","Baja","Ninguna","Unica Jornada","Demanda laboral y Beneficio economico","No aplica","No era lo que esperaba","No","Centro Oriental"
"17-20 años","Familiares","No","0 - 3000 L.","Si","No","No","Si","No","No realizo test","Si","No","Poco satisfecho","Muy satisfecho",4,"No","No","Si","Sí",0,1,"0-20%","0-30%","0-30%","65-69","Si","1","No","Tal vez","0-2 horas","Alta","Ninguna","Unica Jornada","Influencia Familiar/Conocidos","No cumple con requisitos requeridos","No aplica","No","Centro Oriental"
"21-24 años","Aquiler independiente","Si","Mayor a 6000 L.","Si","No","No","Si","No","No realizo test","Si","Si","Muy satisfecho","Muy satisfecho",5,"No","Sí","Si","No aplica",1,3,"mas de 50%","mas de 70%","30-50%","70-79","Si","2","Si","Si","0-2 horas","Muy alta","Ninguna","Unica Jornada","Demanda laboral y Beneficio economico","No aplica","Cambio de intereses personales","Si","Centro Oriental"
"21-24 años","Aquiler independiente","No","0 - 3000 L.","Si","No","Si","Si","Si","Antes de cursar la carrera;Durante la carrera","Si","Si","Muy satisfecho","Poco satisfecho",4,"No","Sí","No","No aplica",1,3,"20-50%","0-30%","0-30%","70-79","No","No aplica","Si","Tal vez","0-2 horas","Alta","Orientacion VOAE","Doble Jornada","Demanda laboral y Beneficio economico","No aplica","Falta de puntos en la PAA","No","Centro Oriental"
"21-24 años","Aquiler independiente","Si","0 - 3000 L.","No","No","Si","Si","No","No realizo test","Si","No","Muy satisfecho","Muy satisfecho",5,"No","Sí","Si","No aplica",1,2,"0-20%","0-30%","30-50%","65-69","Si","1","No","No","0-2 horas","Media","Ninguna","Unica Jornada","Vocación","No aplica","Cambio de intereses personales","No","Centro Occidental"
"17-20 años","Padres","No","Mayor a 6000 L.","Si","No","Si","Si","Si","Antes de cursar la carrera","No","No","Poco satisfecho","Muy satisfecho",1,"Si","No","Si","Sí",0,3,"20-50%","0-30%","0-30%","80-89","Si","1","Si","Si","0-2 horas","Muy alta","Feria vocacional y Curso induccion","Doble Jornada","Influencia Familiar/Conocidos","Actualmente en proceso de cambio","No aplica","No","Centro Oriental"
"21-24 años","Aquiler independiente","No","0 - 3000 L.","Si","No","Si","Si","No","No realizo test","Si","No","Muy satisfecho","Poco satisfecho",4,"Si","No","Si","No",0,4,"mas de 50%","50-70%","0-30%","70-79","Si","2","Si","No","2-4 horas","Alta","Feria vocacional y Curso induccion","Unica Jornada","Vocación","No aplica","No aplica","No","Centro Oriental"
"25-28 años","Propia","Si","Mayor a 6000 L.","Si","No","Si","Si","No","No realizo test","Si","No","Muy satisfecho","Poco satisfecho",5,"No","Sí","Si","No aplica",1,5,"mas de 50%","30-50%","mas de 70%","70-79","Si","3","Si","Si","0-2 horas","Media","Orientacion VOAE","Unica Jornada","Vocación","No aplica","No era lo que esperaba","No","Centro Oriental"
"21-24 años","Aquiler independiente","No","0 - 3000 L.","Si","Si","Si","Si","Si","Antes de cursar la carrera;Durante la carrera","Si","No","Muy satisfecho","Poco satisfecho",3,"Si","No","No","Sí",0,3,"20-50%","0-30%","30-50%","70-79","Si","1","No","Si","0-2 horas","Muy alta","Ninguna","Unica Jornada","Vocación","No cumple con requisitos requeridos","No aplica","No","Centro Oriental"
"21-24 años","Familiares","No","0 - 3000 L.","Si","No","Si","Si","Si","Antes de cursar la carrera","No","No","Muy satisfecho","Muy satisfecho",4,"Si","No","Si","No",0,4,"mas de 50%","50-70%","0-30%","70-79","Si","1","No","Si","0-2 horas","Media","Ninguna","Unica Jornada","Demanda laboral y Beneficio economico","No aplica","No aplica","No","Centro Oriental"
"21-24 años","Propia","No","0 - 3000 L.","No","No","No","Si","No","No realizo test","Si","Si","Muy satisfecho","Poco satisfecho",4,"Si","No","Si","No",0,3,"mas de 50%","30-50%","30-50%","70-79","Si","2","No","Tal vez","2-4 horas","Baja","Ninguna","Doble Jornada","Demanda laboral y Beneficio economico","No aplica","No aplica","No","Centro Oriental"
"21-24 años","Aquiler independiente","No","3000- 6000 L.","Si","No","Si","Si","No","No realizo test","Si","Si","Poco satisfecho","Poco satisfecho",4,"No","No","Si","Tal vez",0,3,"20-50%","0-30%","50-70%","70-79","Si","1","No","Si","mas de 4 horas","Muy alta","Ninguna","Unica Jornada","Vocación","No cumple con requisitos requeridos","No aplica","No","Centro Oriental"
"21-24 años","Familiares","No","3000- 6000 L.","Si","No","No","Si","No","No realizo test","Si","No","Muy satisfecho","Nada satisfecho",2,"Si","No","Si","No",0,2,"0-20%","0-30%","30-50%","65-69","Si","1","No","Si","0-2 horas","Alta","Ninguna","Unica Jornada","Demanda laboral y Beneficio economico","No aplica","No aplica","No","Centro Oriental"
"21-24 años","Padres","No","0 - 3000 L.","Si","No","No","Si","No","No realizo test","Si","No","Muy satisfecho","Muy satisfecho",4,"Si","No","No","No",0,3,"20-50%","30-50%","0-30%","70-79","Si","1","Si","Tal vez","0-2 horas","Media","Ninguna","Unica Jornada","Vocación","No aplica","No aplica","No","Centro Oriental"
"21-24 años","Familiares","No","Mayor a 6000 L.","Si","Si","Si","Si","Si","Durante la carrera","Si","Si","Poco satisfecho","Poco satisfecho",3,"No","Sí","Si","No aplica",1,2,"0-20%","0-30%","30-50%","65-69","Si","2","Si","Si","0-2 horas","Media","Ninguna","Unica Jornada","Influencia Familiar/Conocidos","No aplica","Influencia familiar","No","Centro Oriental"
"21-24 años","Padres","No","0 - 3000 L.","Si","Si","Si","No","No","No realizo test","Si","Si","Poco satisfecho","Poco satisfecho",3,"Si","Sí","Si","No aplica",1,4,"20-50%","0-30%","0-30%","70-79","Si","1","No","Tal vez","0-2 horas","Media","Ninguna","Unica Jornada","Demanda laboral y Beneficio economico","No aplica","Falta de puntos en la PAA","No","Centro Oriental"
"21-24 años","Padres","No","Mayor a 6000 L.","Si","Si","Si","Si","No","No realizo test","Si","No","Muy satisfecho","Poco satisfecho",4,"Si","No","Si","No",0,3,"20-50%","0-30%","mas de 70%","70-79","Si","2","Si","No","0-2 horas","Muy alta","Ninguna","Unica Jornada","Demanda laboral y Beneficio economico","No aplica","No aplica","No","Centro Oriental"
"17-20 años","Aquiler independiente","No","0 - 3000 L.","Si","No","Si","Si","No","No realizo test","Si","Si","Muy satisfecho","Muy satisfecho",3,"No","Sí","Si","No aplica",1,3,"20-50%","0-30%","30-50%","80-89","Si","1","No","Si","mas de 4 horas","Alta","Ninguna","Doble Jornada","Demanda laboral y Beneficio economico","No aplica","No era lo que esperaba","No","Centro Oriental"
"21-24 años","Aquiler independiente","No","0 - 3000 L.","Si","Si","Si","Si","No","No realizo test","Si","No","Muy satisfecho","Muy satisfecho",5,"Si","No","Si","No",0,2,"0-20%","0-30%","0-30%","65-69","Si","1","Si","Si","mas de 4 horas","Alta","Ninguna","Doble Jornada","Vocación","No aplica","No aplica","No","Nororiental"
"21-24 años","Aquiler independiente","Si","Mayor a 6000 L.","Si","Si","No","Si","Si","Antes de cursar la carrera;Durante la carrera","Si","Si","Muy satisfecho","Poco satisfecho",5,"No","No","Si","No",0,5,"mas de 50%","mas de 70%","0-30%","90-100","No","No aplica","Si","Si","0-2 horas","Media","Ninguna","Unica Jornada","Vocación","No aplica","No aplica","No","Occidental"
"17-20 años","Padres","No","Mayor a 6000 L.","No","Si","Si","No","No","No realizo test","Si","No","Muy satisfecho","Muy satisfecho",5,"Si","No","Si","No",0,1,"0-20%","0-30%","0-30%","70-79","Si","1","Si","Si","mas de 4 horas","Muy alta","Feria vocacional y Curso induccion","Unica Jornada","Influencia Familiar/Conocidos","No aplica","No aplica","No","Centro Oriental"
"17-20 años","Padres","Si","Mayor a 6000 L.","No","No","Si","Si","No","No realizo test","Si","No","Muy satisfecho","Muy satisfecho",4,"No","Sí","Si","No aplica",1,2,"0-20%","30-50%","30-50%","70-79","Si","1","Si","Tal vez","0-2 horas","Muy alta","Ninguna","Unica Jornada","Demanda laboral y Beneficio economico","No aplica","Factor económico","No","Centro Oriental"
"mayor de 28","Familiares","No","3000- 6000 L.","Si","No","No","No","No","No realizo test","Si","No","Poco satisfecho","Muy satisfecho",3,"Si","No","Si","Sí",0,5,"mas de 50%","mas de 70%","mas de 70%","65-69","Si","2","Si","Tal vez","0-2 horas","Media","Ninguna","Unica Jornada","Vocación","Recursos y tiempo invertidos","No aplica","No","Sur"
"21-24 años","Propia","No","0 - 3000 L.","Si","No","Si","No","No","No realizo test","Si","No","Muy satisfecho","Poco satisfecho",3,"Si","Sí","Si","No aplica",1,2,"0-20%","0-30%","0-30%","80-89","Si","1","No","Si","0-2 horas","Muy alta","Ninguna","Doble Jornada","Influencia Familiar/Conocidos","No aplica","Influencia familiar","No","Centro Oriental"
"21-24 años","Aquiler independiente","Si","Mayor a 6000 L.","No","No","No","Si","No","No realizo test","Si","No","Muy satisfecho","Poco satisfecho",4,"Si","No","Si","No",0,3,"mas de 50%","30-50%","0-30%","80-89","Si","1","No","No","mas de 4 horas","Muy alta","Ninguna","Unica Jornada","Demanda laboral y Beneficio economico","No aplica","No aplica","No","Centro Oriental"
"21-24 años","Padres","Si","3000- 6000 L.","Si","No","No","Si","No","No realizo test","Si","No","Poco satisfecho","Poco satisfecho",3,"Si","No","Si","No",0,4,"mas de 50%","0-30%","50-70%","70-79","Si","3","Si","Si","0-2 horas","Alta","Ninguna","Jornada completa","Vocación","No aplica","No aplica","No","Centro Oriental"
"25-28 años","Padres","No","3000- 6000 L.","Si","No","Si","Si","Si","Antes de cursar la carrera;Durante la carrera","No","Si","Muy satisfecho","Poco satisfecho",4,"Si","No","No","No",0,5,"mas de 50%","mas de 70%","30-50%","70-79","Si","2","Si","No","2-4 horas","Muy alta","Orientacion VOAE","Jornada completa","Demanda laboral y Beneficio economico","No aplica","No aplica","No","Centro Oriental"
"17-20 años","Aquiler independiente","No","Mayor a 6000 L.","Si","No","Si","Si","No","No realizo test","Si","Si","Muy satisfecho","Poco satisfecho",4,"No","Sí","Si","No aplica",1,2,"0-20%","0-30%","30-50%","70-79","Si","1","No","Si","0-2 horas","Media","Ninguna","Unica Jornada","Demanda laboral y Beneficio economico","No aplica","Falta de puntos en la PAA","No","Centro Oriental"
"21-24 años","Padres","No","3000- 6000 L.","Si","No","Si","Si","Si","Antes de cursar la carrera","Si","No","Muy satisfecho","Poco satisfecho",4,"Si","No","Si","No",0,5,"mas de 50%","50-70%","30-50%","80-89","Si","2","No","Si","0-2 horas","Muy alta","Feria vocacional y Curso induccion","Doble Jornada","Demanda laboral y Beneficio economico","No aplica","No aplica","No","Centro Oriental"
"25-28 años","Familiares","Si","3000- 6000 L.","Si","No","Si","Si","Si","Antes de cursar la carrera","Si","Si","Muy satisfecho","Poco satisfecho",5,"Si","Sí","No","No aplica",1,3,"20-50%","30-50%","mas de 70%","<65","Si","2","Si","No","2-4 horas","Media","Feria vocacional y Curso induccion","Unica Jornada","Demanda laboral y Beneficio economico","No aplica","Falta de puntos en la PAA","No","Centro Oriental"
"21-24 años","Aquiler independiente","Si","Mayor a 6000 L.","Si","Si","Si","Si","Si","Antes de cursar la carrera","Si","Si","Muy satisfecho","Poco satisfecho",4,"No","No","Si","No",0,5,"mas de 50%","mas de 70%","mas de 70%","70-79","Si","2","Si","Si","2-4 horas","Muy alta","Feria vocacional y Curso induccion","Doble Jornada","Demanda laboral y Beneficio economico","No aplica","No aplica","No","Centro Oriental"
"17-20 años","Aquiler independiente","No","Mayor a 6000 L.","Si","Si","Si","Si","No","No realizo test","Si","Si","Muy satisfecho","Muy satisfecho",4,"No","No","Si","Tal vez",0,1,"0-20%","0-30%","30-50%","65-69","Si","1","No","Si","0-2 horas","Alta","Ninguna","Doble Jornada","Vocación","Actualmente en proceso de cambio","No aplica","No","Nororiental"
"21-24 años","Familiares","Si","Mayor a 6000 L.","Si","No","Si","Si","No","No realizo test","Si","No","Muy satisfecho","Poco satisfecho",4,"No","No","Si","No",0,3,"mas de 50%","0-30%","50-70%","70-79","Si","2","No","No","mas de 4 horas","Muy alta","Ninguna","Unica Jornada","Vocación","No aplica","No aplica","No","Centro Oriental"
"25-28 años","Padres","Si","Mayor a 6000 L.","Si","No","Si","Si","No","No realizo test","Si","Si","Muy satisfecho","Muy satisfecho",5,"No","Sí","Si","No aplica",1,1,"0-20%","0-30%","0-30%","<65","Si","1","No","Si","0-2 horas","Alta","Ninguna","Unica Jornada","Vocación","No aplica","Falta de puntos en la PAA","No","Centro Oriental"
"21-24 años","Aquiler independiente","No","3000- 6000 L.","Si","No","Si","Si","Si","Antes de cursar la carrera;Durante la carrera","No","No","Muy satisfecho","Poco satisfecho",4,"Si","No","Si","No",0,5,"mas de 50%","50-70%","mas de 70%","70-79","Si","2","No","Si","2-4 horas","Media","Ninguna","Unica Jornada","Demanda laboral y Beneficio economico","No aplica","No aplica","No","Centro Oriental"
"21-24 años","Aquiler independiente","No","3000- 6000 L.","No","No","Si","Si","Si","Antes de cursar la carrera","Si","Si","Muy satisfecho","Muy satisfecho",5,"Si","No","Si","No",0,5,"mas de 50%","50-70%","mas de 70%","80-89","No","No aplica","Si","Si","mas de 4 horas","Alta","Ninguna","Doble Jornada","Demanda laboral y Beneficio economico","No aplica","No aplica","No","Centro Occidental"
"21-24 años","Propia","No","3000- 6000 L.","No","No","Si","Si","Si","Antes de cursar la carrera","Si","Si","Muy satisfecho","Muy satisfecho",4,"No","Sí","Si","No aplica",1,3,"20-50%","30-50%","mas de 70%","70-79","Si","1","No","Tal vez","0-2 horas","Muy alta","Ninguna","Unica Jornada","Demanda laboral y Beneficio economico","No aplica","No era lo que esperaba","No","Centro Oriental"
"21-24 años","Propia","No","Mayor a 6000 L.","Si","No","Si","Si","No","No realizo test","Si","Si","Muy satisfecho","Poco satisfecho",3,"Si","No","No","No",0,3,"20-50%","0-30%","mas de 70%","70-79","Si","1","No","Tal vez","mas de 4 horas","Media","Ninguna","Jornada completa","Vocación","No aplica","No aplica","No","Centro Oriental"
"21-24 años","Familiares","Si","Mayor a 6000 L.","Si","No","Si","Si","No","No realizo test","Si","Si","Poco satisfecho","Poco satisfecho",5,"No","Sí","Si","No aplica",1,3,"mas de 50%","50-70%","mas de 70%","70-79","Si","2","Si","Si","0-2 horas","Alta","Ninguna","Unica Jornada","Vocación","No aplica","Cambio de intereses personales","No","Centro Oriental"
"21-24 años","Aquiler independiente","No","3000- 6000 L.","No","No","Si","Si","No","No realizo test","Si","Si","Muy satisfecho","Poco satisfecho",5,"Si","No","Si","No",0,3,"mas de 50%","0-30%","50-70%","80-89","Si","2","Si","Si","mas de 4 horas","Alta","Ninguna","Unica Jornada","Demanda laboral y Beneficio economico","No aplica","No aplica","No","Occidental"
"21-24 años","Padres","No","0 - 3000 L.","Si","No","Si","Si","Si","Durante la carrera","Si","Si","Poco satisfecho","Poco satisfecho",2,"Si","No","Si","Sí",0,4,"mas de 50%","50-70%","mas de 70%","65-69","Si","3","Si","No","2-4 horas","Alta","Ninguna","Unica Jornada","Demanda laboral y Beneficio economico","Recursos y tiempo invertidos","No aplica","No","Centro Oriental"
"21-24 años","Padres","No","Mayor a 6000 L.","Si","No","No","Si","No","No realizo test","Si","Si","Muy satisfecho","Nada satisfecho",2,"Si","No","Si","Sí",0,3,"20-50%","0-30%","0-30%","70-79","Si","1","Si","Si","mas de 4 horas","Media","Ninguna","Unica Jornada","Vocación","No contestó","No aplica","No","Centro Oriental"
"17-20 años","Familiares","No","0 - 3000 L.","Si","No","Si","Si","Si","Antes de cursar la carrera","No","Si","Muy satisfecho","Poco satisfecho",3,"Si","No","Si","Sí",0,2,"0-20%","0-30%","0-30%","70-79","Si","1","Si","Si","2-4 horas","Muy alta","Ninguna","Unica Jornada","Vocación","Recursos y tiempo invertidos","No aplica","No","Centro Oriental"
"21-24 años","Aquiler independiente","No","0 - 3000 L.","Si","No","Si","Si","No","No realizo test","Si","Si","Muy satisfecho","Poco satisfecho",4,"No","Sí","Si","No aplica",1,5,"mas de 50%","50-70%","mas de 70%","70-79","Si","3","Si","Si","mas de 4 horas","Muy alta","Ninguna","Doble Jornada","Demanda laboral y Beneficio economico","No aplica","Cambio de intereses personales","No","Centro Oriental"
"21-24 años","Aquiler independiente","No","3000- 6000 L.","Si","No","Si","Si","No","No realizo test","Si","Si","Muy satisfecho","Poco satisfecho",4,"No","Sí","Si","No aplica",1,4,"mas de 50%","30-50%","0-30%","70-79","Si","2","No","No","2-4 horas","Alta","Ninguna","Unica Jornada","Vocación","No aplica","No era lo que esperaba","No","Centro Occidental"
"17-20 años","Padres","No","Mayor a 6000 L.","Si","No","Si","No","No","No realizo test","Si","Si","Muy satisfecho","Muy satisfecho",5,"Si","No","Si","No",0,1,"0-20%","0-30%","0-30%","90-100","No","No aplica","Si","Si","2-4 horas","Media","Ninguna","Unica Jornada","Vocación","No aplica","No aplica","No","Noroccidental"
"21-24 años","Aquiler independiente","No","3000- 6000 L.","Si","No","Si","Si","Si","Antes de cursar la carrera","Si","Si","Poco satisfecho","Poco satisfecho",3,"No","Sí","Si","No aplica",1,1,"0-20%","0-30%","30-50%","65-69","Si","1","Si","Si","0-2 horas","Media","Ninguna","Unica Jornada","Demanda laboral y Beneficio economico","No aplica","Cambio de intereses personales","No","Centro Oriental"
"21-24 años","Padres","No","0 - 3000 L.","Si","No","Si","Si","Si","Antes de cursar la carrera","Si","Si","Muy satisfecho","Muy satisfecho",4,"Si","No","Si","No",0,3,"20-50%","0-30%","50-70%","80-89","Si","1","Si","Tal vez","2-4 horas","Media","Feria vocacional y Curso induccion","Unica Jornada","Demanda laboral y Beneficio economico","No aplica","No aplica","No","Centro Oriental"
"21-24 años","Familiares","No","0 - 3000 L.","Si","Si","Si","Si","Si","Antes de cursar la carrera;Durante la carrera","Si","Si","Muy satisfecho","Poco satisfecho",4,"Si","Sí","Si","No aplica",1,5,"mas de 50%","mas de 70%","mas de 70%","65-69","Si","4","Si","Si","mas de 4 horas","Media","Ninguna","Jornada completa","Demanda laboral y Beneficio economico","No aplica","Falta de puntos en la PAA","No","Sur"
"25-28 años","Aquiler independiente","No","0 - 3000 L.","Si","No","Si","Si","Si","Antes de cursar la carrera","Si","No","Poco satisfecho","Poco satisfecho",3,"Si","No","Si","No",0,4,"mas de 50%","50-70%","mas de 70%","<65","Si","1","Si","Tal vez","2-4 horas","Muy alta","Feria vocacional y Curso induccion","Jornada completa","Vocación","No aplica","No aplica","No","Centro Oriental"
"21-24 años","Padres","No","0 - 3000 L.","Si","No","Si","No","Si","Antes de cursar la carrera","No","Si","Poco satisfecho","Poco satisfecho",3,"Si","No","Si","Tal vez",0,2,"0-20%","0-30%","30-50%","<65","Si","1","No","No","2-4 horas","Baja","Ninguna","Unica Jornada","Vocación","Opinion familiar/amigos","No aplica","Si","Centro Oriental"
"21-24 años","Aquiler independiente","No","3000- 6000 L.","Si","No","Si","Si","No","No realizo test","Si","Si","Muy satisfecho","Muy satisfecho",4,"Si","No","Si","Tal vez",0,5,"mas de 50%","mas de 70%","0-30%","80-89","Si","1","No","Si","mas de 4 horas","Alta","Ninguna","Doble Jornada","Influencia Familiar/Conocidos","Opinion familiar/amigos","No aplica","No","Centro Oriental"
"17-20 años","Aquiler independiente","No","3000- 6000 L.","Si","No","Si","Si","Si","Antes de cursar la carrera","Si","Si","Muy satisfecho","Muy satisfecho",5,"No","Sí","Si","No aplica",1,3,"mas de 50%","30-50%","30-50%","80-89","Si","1","No","No","2-4 horas","Alta","Feria vocacional y Curso induccion","Unica Jornada","Demanda laboral y Beneficio economico","No aplica","Influencia familiar","No","Centro Oriental"
"21-24 años","Padres","Si","0 - 3000 L.","Si","Si","Si","Si","No","No realizo test","Si","No","Muy satisfecho","Muy satisfecho",5,"No","Sí","Si","No aplica",1,1,"0-20%","0-30%","0-30%","65-69","Si","1","No","Tal vez","0-2 horas","Media","Feria vocacional y Curso induccion","Unica Jornada","Influencia Familiar/Conocidos","No aplica","Cambio de intereses personales","No","Centro Oriental"
"21-24 años","Padres","No","0 - 3000 L.","Si","Si","Si","Si","No","No realizo test","Si","Si","Muy satisfecho","Poco satisfecho",5,"Si","No","No","No",0,4,"mas de 50%","50-70%","0-30%","80-89","Si","3","No","Si","2-4 horas","Alta","Ninguna","Unica Jornada","Vocación","No aplica","No aplica","Si","Centro Oriental"
"21-24 años","Propia","Si","0 - 3000 L.","Si","No","Si","Si","No","No realizo test","Si","No","Poco satisfecho","Nada satisfecho",3,"Si","No","Si","Sí",0,3,"mas de 50%","30-50%","0-30%","70-79","Si","2","Si","Si","2-4 horas","Media","Feria vocacional y Curso induccion","Unica Jornada","Influencia Familiar/Conocidos","Recursos y tiempo invertidos","No aplica","No","Centro Oriental"
"21-24 años","Aquiler independiente","No","0 - 3000 L.","Si","No","Si","Si","Si","Antes de cursar la carrera;Durante la carrera","No","No","Muy satisfecho","Poco satisfecho",4,"Si","No","Si","No",0,4,"mas de 50%","30-50%","0-30%","70-79","Si","1","Si","Si","0-2 horas","Media","Ninguna","Unica Jornada","Vocación","No aplica","No aplica","No","Centro Oriental"
"25-28 años","Padres","No","3000- 6000 L.","Si","No","Si","Si","Si","Antes de cursar la carrera","Si","No","Poco satisfecho","Poco satisfecho",4,"No","Sí","No","No aplica",1,4,"mas de 50%","30-50%","30-50%","70-79","Si","1","Si","Si","0-2 horas","Media","Feria vocacional y Curso induccion","Jornada completa","Demanda laboral y Beneficio economico","No aplica","Falta de puntos en la PAA","No","Centro Oriental"
"21-24 años","Padres","No","0 - 3000 L.","Si","Si","Si","Si","No","No realizo test","Si","Si","Muy satisfecho","Poco satisfecho",5,"Si","Sí","Si","No aplica",1,5,"mas de 50%","50-70%","30-50%","70-79","Si","1","No","Si","2-4 horas","Alta","Ninguna","Doble Jornada","Vocación","No aplica","Falta de puntos en la PAA","No","Centro Oriental"
"17-20 años","Familiares","No","3000- 6000 L.","Si","No","Si","Si","Si","Antes de cursar la carrera","Si","No","Muy satisfecho","Muy satisfecho",5,"No","No","Si","Tal vez",0,2,"0-20%","0-30%","30-50%","70-79","Si","1","Si","Tal vez","2-4 horas","Media","Ninguna","Unica Jornada","Vocación","Opinion familiar/amigos","No aplica","No","Centro Occidental"
"21-24 años","Propia","No","3000- 6000 L.","No","No","Si","Si","Si","Antes de cursar la carrera;Durante la carrera","Si","Si","Poco satisfecho","Poco satisfecho",4,"No","Sí","Si","No aplica",1,5,"mas de 50%","50-70%","30-50%","80-89","No","No aplica","Si","Tal vez","0-2 horas","Alta","Orientacion VOAE","Doble Jornada","Demanda laboral y Beneficio economico","No aplica","No era lo que esperaba","Si","Centro Oriental"
"25-28 años","Familiares","Si","Mayor a 6000 L.","Si","No","Si","Si","No","No realizo test","Si","Si","Muy satisfecho","Poco satisfecho",4,"Si","No","Si","Tal vez",0,3,"0-20%","0-30%","0-30%","65-69","Si","2","Si","No","2-4 horas","Media","Ninguna","Unica Jornada","Vocación","Recursos y tiempo invertidos","No aplica","No","Centro Oriental"
"21-24 años","Padres","No","0 - 3000 L.","Si","No","Si","Si","Si","Antes de cursar la carrera","Si","Si","Muy satisfecho","Poco satisfecho",4,"Si","No","Si","No",0,5,"mas de 50%","mas de 70%","0-30%","80-89","No","No aplica","Si","Si","0-2 horas","Alta","Feria vocacional y Curso induccion","Jornada completa","Vocación","No aplica","No aplica","No","Centro Oriental"
"21-24 años","Propia","No","0 - 3000 L.","Si","Si","Si","Si","Si","Antes de cursar la carrera","Si","No","Poco satisfecho","Poco satisfecho",4,"Si","Sí","Si","No aplica",2,4,"mas de 50%","50-70%","30-50%","70-79","Si","2","Si","Si","0-2 horas","Alta","Feria vocacional y Curso induccion","Doble Jornada","Vocación","No aplica","Cambio de intereses personales","No","Centro Oriental"
"21-24 años","Propia","No","3000- 6000 L.","Si","Si","Si","Si","Si","Antes de cursar la carrera","Si","Si","Muy satisfecho","Muy satisfecho",4,"No","Sí","Si","No aplica",1,5,"mas de 50%","mas de 70%","mas de 70%","70-79","Si","3","Si","Si","mas de 4 horas","Alta","Feria vocacional y Curso induccion","Unica Jornada","Influencia Familiar/Conocidos","No aplica","Falta de puntos en la PAA","No","Centro Oriental"
"21-24 años","Aquiler independiente","No","0 - 3000 L.","Si","Si","Si","Si","No","No realizo test","Si","No","Poco satisfecho","Poco satisfecho",3,"Si","Sí","No","No aplica",1,4,"mas de 50%","30-50%","mas de 70%","70-79","Si","1","No","No","0-2 horas","Muy alta","Ninguna","Unica Jornada","Vocación","No aplica","Falta de puntos en la PAA","No","Centro Oriental"
"25-28 años","Padres","No","3000- 6000 L.","Si","No","No","Si","No","No realizo test","Si","Si","Poco satisfecho","Poco satisfecho",3,"Si","No","Si","Sí",0,3,"20-50%","0-30%","mas de 70%","<65","Si","2","Si","Si","0-2 horas","Alta","Ninguna","Unica Jornada","Vocación","Recursos y tiempo invertidos","No aplica","No","Centro Occidental"
"21-24 años","Aquiler independiente","No","0 - 3000 L.","Si","No","Si","Si","No","No realizo test","Si","Si","Poco satisfecho","Poco satisfecho",3,"Si","No","Si","Sí",0,2,"20-50%","mas de 70%","0-30%","65-69","Si","1","Si","Si","0-2 horas","Muy alta","Ninguna","Unica Jornada","Demanda laboral y Beneficio economico","Opinion familiar/amigos","No aplica","No","Centro Oriental"
"21-24 años","Aquiler independiente","No","Mayor a 6000 L.","Si","No","Si","Si","Si","Antes de cursar la carrera","Si","Si","Muy satisfecho","Poco satisfecho",3,"Si","No","No","Tal vez",0,4,"mas de 50%","mas de 70%","30-50%","70-79","Si","3","Si","No","mas de 4 horas","Media","Ninguna","Unica Jornada","Vocación","Recursos y tiempo invertidos","No aplica","No","Centro Occidental"
"21-24 años","Aquiler independiente","No","3000- 6000 L.","Si","No","Si","Si","No","No realizo test","Si","No","No satisfecho","Poco satisfecho",4,"Si","No","Si","Tal vez",0,5,"mas de 50%","mas de 70%","mas de 70%","65-69","Si","3","Si","Tal vez","0-2 horas","Alta","Feria vocacional y Curso induccion","Unica Jornada","Demanda laboral y Beneficio economico","Recursos y tiempo invertidos","No aplica","No","Sur"
"21-24 años","Padres","No","Mayor a 6000 L.","Si","Si","No","Si","No","No realizo test","Si","Si","No satisfecho","Nada satisfecho",2,"Si","No","No","Sí",0,4,"mas de 50%","50-70%","30-50%","65-69","Si","3","Si","No","mas de 4 horas","Muy alta","Ninguna","Unica Jornada","Vocación","Opinion familiar/amigos","No aplica","No","Centro Oriental"
"21-24 años","Familiares","No","3000- 6000 L.","Si","No","Si","Si","No","No realizo test","Si","No","Muy satisfecho","Muy satisfecho",5,"No","Sí","Si","No aplica",1,2,"20-50%","0-30%","30-50%","70-79","Si","1","No","Si","2-4 horas","Alta","Feria vocacional y Curso induccion","Unica Jornada","Demanda laboral y Beneficio economico","No aplica","No era lo que esperaba","No","Centro Oriental"
"17-20 años","Padres","No","0 - 3000 L.","Si","No","No","Si","No","No realizo test","Si","No","Poco satisfecho","Poco satisfecho",4,"No","Sí","Si","No aplica",1,4,"mas de 50%","30-50%","0-30%","80-89","Si","2","No","Tal vez","0-2 horas","Muy alta","Feria vocacional y Curso induccion","Jornada completa","Vocación","No aplica","No era lo que esperaba","No","Centro Oriental"
"mayor de 28","Familiares","Si","Mayor a 6000 L.","Si","No","Si","No","No","No realizo test","Si","No","Muy satisfecho","Muy satisfecho",5,"Si","No","Si","No",0,1,"0-20%","0-30%","0-30%","<65","Si","1","Si","Tal vez","0-2 horas","Media","Feria vocacional y Curso induccion","Unica Jornada","Vocación","No aplica","No aplica","No","Centro Oriental"
"25-28 años","Aquiler independiente","Si","Mayor a 6000 L.","Si","No","No","No","No","No realizo test","Si","No","Poco satisfecho","Poco satisfecho",3,"Si","No","Si","Tal vez",0,2,"0-20%","0-30%","0-30%","<65","Si","1","No","Tal vez","0-2 horas","Muy alta","Ninguna","Unica Jornada","Demanda laboral y Beneficio economico","Recursos y tiempo invertidos","No aplica","No","Centro Oriental"
"21-24 años","Padres","No","0 - 3000 L.","Si","No","Si","Si","Si","Antes de cursar la carrera","Si","Si","Poco satisfecho","Poco satisfecho",5,"Si","Sí","No","No aplica",1,2,"0-20%","30-50%","30-50%","<65","Si","1","Si","Si","2-4 horas","Muy alta","Orientacion VOAE","Doble Jornada","Vocación","No aplica","Falta de puntos en la PAA","No","Centro Oriental"
"25-28 años","Padres","No","0 - 3000 L.","Si","Si","Si","Si","No","No realizo test","Si","No","Poco satisfecho","Nada satisfecho",1,"Si","No","Si","No",0,4,"mas de 50%","50-70%","0-30%","<65","Si","4","Si","Tal vez","2-4 horas","Alta","Ninguna","Unica Jornada","Vocación","No aplica","No aplica","No","Centro Oriental"
"mayor de 28","Aquiler independiente","Si","Mayor a 6000 L.","Si","No","Si","Si","Si","Antes de cursar la carrera","Si","Si","Muy satisfecho","Muy satisfecho",5,"Si","No","No","No",0,5,"mas de 50%","mas de 70%","mas de 70%","65-69","Si","2","Si","No","0-2 horas","Muy alta","Orientacion VOAE","Unica Jornada","Vocación","No aplica","No aplica","No","Centro Oriental"
"17-20 años","Aquiler independiente","No","3000- 6000 L.","Si","No","Si","Si","No","No realizo test","Si","No","Muy satisfecho","Poco satisfecho",4,"Si","No","No","No",0,2,"0-20%","0-30%","30-50%","65-69","Si","1","Si","Si","2-4 horas","Media","Feria vocacional y Curso induccion","Unica Jornada","Demanda laboral y Beneficio economico","No aplica","No aplica","No","Centro Oriental"
"21-24 años","Aquiler independiente","No","0 - 3000 L.","Si","No","No","Si","No","No realizo test","Si","No","Muy satisfecho","Nada satisfecho",5,"No","Sí","Si","No aplica",1,4,"mas de 50%","50-70%","30-50%","65-69","Si","2","Si","Si","0-2 horas","Muy alta","Ninguna","Jornada completa","Vocación","No aplica","No era lo que esperaba","No","Centro Occidental"
"21-24 años","Padres","Si","Mayor a 6000 L.","Si","Si","Si","Si","Si","Antes de cursar la carrera","No","Si","Muy satisfecho","Muy satisfecho",4,"No","Sí","No","No aplica",1,1,"0-20%","0-30%","0-30%","70-79","Si","1","No","No","0-2 horas","Media","Orientacion VOAE","Unica Jornada","Demanda laboral y Beneficio economico","No aplica","Influencia familiar","No","Centro Oriental"
"21-24 años","Padres","Si","Mayor a 6000 L.","Si","Si","No","Si","Si","Durante la carrera","No","Si","Poco satisfecho","Poco satisfecho",3,"Si","No","No","No",0,5,"mas de 50%","mas de 70%","0-30%","70-79","Si","1","No","No","0-2 horas","Media","Ninguna","Unica Jornada","Vocación","No aplica","No aplica","No","Centro Oriental"
"17-20 años","Aquiler independiente","No","Mayor a 6000 L.","Si","Si","Si","Si","No","No realizo test","Si","No","Muy satisfecho","Poco satisfecho",5,"Si","No","Si","No",0,2,"20-50%","0-30%","30-50%","70-79","Si","2","Si","No","0-2 horas","Media","Ninguna","Doble Jornada","Vocación","No aplica","No aplica","No","Centro Oriental"
"21-24 años","Padres","No","0 - 3000 L.","Si","No","Si","Si","No","No realizo test","Si","Si","Muy satisfecho","Muy satisfecho",5,"Si","No","Si","No",0,1,"0-20%","0-30%","0-30%","<65","Si","1","No","No","0-2 horas","Muy alta","Ninguna","Unica Jornada","Vocación","No aplica","No aplica","No","Centro Oriental"
"21-24 años","Aquiler independiente","No","0 - 3000 L.","Si","No","Si","Si","No","No realizo test","Si","No","Poco satisfecho","Poco satisfecho",4,"No","Sí","Si","No aplica",1,2,"20-50%","0-30%","0-30%","80-89","Si","2","No","No","0-2 horas","Muy alta","Ninguna","Unica Jornada","Demanda laboral y Beneficio economico","No aplica","No era lo que esperaba","No","Noroccidental"
"25-28 años","Aquiler independiente","No","0 - 3000 L.","Si","No","Si","Si","Si","Antes de cursar la carrera;Durante la carrera","Si","No","Muy satisfecho","Poco satisfecho",4,"Si","No","Si","No",0,5,"20-50%","30-50%","0-30%","65-69","Si","3","Si","No","mas de 4 horas","Alta","Ninguna","Doble Jornada","Vocación","No aplica","No aplica","No","Sur"
"25-28 años","Aquiler independiente","Si","3000- 6000 L.","Si","No","Si","Si","No","No realizo test","Si","Si","Poco satisfecho","Poco satisfecho",3,"No","No","Si","Sí",0,5,"mas de 50%","mas de 70%","mas de 70%","80-89","Si","2","Si","Tal vez","2-4 horas","Alta","Ninguna","Unica Jornada","Vocación","Recursos y tiempo invertidos","No aplica","No","Centro Oriental"
"21-24 años","Aquiler independiente","Si","Mayor a 6000 L.","Si","No","Si","Si","No","No realizo test","Si","Si","Muy satisfecho","Muy satisfecho",5,"Si","Sí","Si","No aplica",1,2,"0-20%","0-30%","50-70%","65-69","Si","1","No","Si","0-2 horas","Muy alta","Feria vocacional y Curso induccion","Unica Jornada","Vocación","No aplica","Falta de puntos en la PAA","No","Centro Oriental"
"21-24 años","Familiares","Si","Mayor a 6000 L.","No","No","Si","Si","No","No realizo test","Si","Si","Muy satisfecho","Muy satisfecho",5,"Si","No","Si","No",0,4,"mas de 50%","50-70%","0-30%","90-100","No","No aplica","Si","Si","2-4 horas","Alta","Ninguna","Unica Jornada","Influencia Familiar/Conocidos","No aplica","No aplica","No","Centro Oriental"
"25-28 años","Padres","No","0 - 3000 L.","Si","No","Si","Si","Si","Antes de cursar la carrera","Si","Si","Poco satisfecho","Poco satisfecho",3,"No","Sí","No","No aplica",1,2,"20-50%","0-30%","30-50%","65-69","Si","1","Si","Si","2-4 horas","Media","Orientacion VOAE","Unica Jornada","Demanda laboral y Beneficio economico","No aplica","Falta de puntos en la PAA","No","Centro Oriental"
"25-28 años","Padres","No","0 - 3000 L.","No","No","Si","Si","No","No realizo test","Si","Si","Poco satisfecho","Poco satisfecho",3,"Si","No","Si","Sí",0,3,"mas de 50%","50-70%","50-70%","65-69","Si","1","Si","Tal vez","0-2 horas","Media","Ninguna","Jornada completa","Influencia Familiar/Conocidos","Opinion familiar/amigos","No aplica","No","Centro Oriental"
"17-20 años","Padres","No","Mayor a 6000 L.","Si","No","Si","Si","Si","Antes de cursar la carrera","Si","No","Muy satisfecho","Poco satisfecho",4,"Si","No","Si","No",0,1,"0-20%","0-30%","0-30%","80-89","No","No aplica","Si","Si","2-4 horas","Media","Ninguna","Unica Jornada","Vocación","No aplica","No aplica","No","Centro Oriental"
"17-20 años","Padres","No","0 - 3000 L.","Si","Si","Si","Si","No","No realizo test","Si","Si","Muy satisfecho","Poco satisfecho",4,"Si","No","Si","Sí",0,1,"0-20%","0-30%","0-30%","70-79","No","No aplica","Si","No","mas de 4 horas","Media","Ninguna","Unica Jornada","Demanda laboral y Beneficio economico","No cumple con requisitos requeridos","No aplica","No","Centro Oriental"
"17-20 años","Aquiler independiente","No","3000- 6000 L.","Si","No","Si","Si","No","No realizo test","Si","Si","Muy satisfecho","Poco satisfecho",4,"No","No","Si","Tal vez",0,1,"0-20%","0-30%","0-30%","90-100","No","No aplica","Si","Si","mas de 4 horas","Muy alta","Ninguna","Unica Jornada","Vocación","No contestó","No aplica","No","Centro Occidental"
"17-20 años","Familiares","No","0 - 3000 L.","Si","No","Si","Si","No","No realizo test","Si","No","Muy satisfecho","Muy satisfecho",5,"Si","No","Si","No",0,1,"0-20%","0-30%","0-30%","80-89","No","No aplica","Si","No","0-2 horas","Muy alta","Ninguna","Doble Jornada","Demanda laboral y Beneficio economico","No aplica","No aplica","No","Centro Oriental"
"25-28 años","Aquiler independiente","No","3000- 6000 L.","Si","No","Si","Si","Si","Antes de cursar la carrera;Durante la carrera","Si","Si","Poco satisfecho","Poco satisfecho",3,"No","Sí","Si","No aplica",2,3,"20-50%","30-50%","mas de 70%","70-79","Si","2","Si","Tal vez","0-2 horas","Media","Ninguna","Unica Jornada","Demanda laboral y Beneficio economico","No aplica","Cambio de intereses personales","No","Noroccidental"
"21-24 años","Familiares","No","Mayor a 6000 L.","Si","No","Si","Si","No","No realizo test","Si","Si","Muy satisfecho","Muy satisfecho",4,"Si","No","Si","No",0,3,"20-50%","0-30%","30-50%","65-69","Si","1","No","Si","0-2 horas","Media","Feria vocacional y Curso induccion","Unica Jornada","Vocación","No aplica","No aplica","No","Centro Oriental"
"21-24 años","Padres","No","0 - 3000 L.","Si","No","No","Si","No","No realizo test","Si","Si","Poco satisfecho","Poco satisfecho",3,"Si","No","Si","Tal vez",0,5,"mas de 50%","mas de 70%","0-30%","80-89","No","No aplica","Si","Tal vez","0-2 horas","Alta","Ninguna","Doble Jornada","Demanda laboral y Beneficio economico","Recursos y tiempo invertidos","No aplica","No","Centro Oriental"
"21-24 años","Familiares","No","3000- 6000 L.","Si","Si","Si","Si","Si","Antes de cursar la carrera","No","Si","Poco satisfecho","Poco satisfecho",3,"No","Sí","Si","No aplica",1,1,"0-20%","0-30%","30-50%","65-69","Si","1","Si","Si","0-2 horas","Alta","Feria vocacional y Curso induccion","Unica Jornada","Demanda laboral y Beneficio economico","No aplica","Falta de puntos en la PAA","No","Centro Oriental"
"21-24 años","Aquiler independiente","No","Mayor a 6000 L.","Si","No","No","Si","No","No realizo test","Si","Si","Muy satisfecho","Poco satisfecho",3,"Si","No","Si","No",0,5,"mas de 50%","50-70%","30-50%","70-79","Si","4","Si","Si","mas de 4 horas","Media","Ninguna","Unica Jornada","Vocación","No aplica","No aplica","No","Centro Occidental"
"21-24 años","Padres","No","3000- 6000 L.","Si","No","Si","Si","Si","Durante la carrera","Si","No","Muy satisfecho","Poco satisfecho",5,"Si","No","Si","No",0,5,"mas de 50%","mas de 70%","0-30%","70-79","Si","2","No","No","mas de 4 horas","Muy alta","Ninguna","Doble Jornada","Vocación","No aplica","No aplica","No","Centro Oriental"
"21-24 años","Aquiler independiente","No","Mayor a 6000 L.","Si","Si","No","Si","No","No realizo test","Si","Si","Poco satisfecho","Muy satisfecho",3,"Si","No","Si","Sí",0,5,"mas de 50%","mas de 70%","0-30%","70-79","Si","1","Si","Tal vez","0-2 horas","Muy alta","Feria vocacional y Curso induccion","Doble Jornada","Influencia Familiar/Conocidos","Opinion familiar/amigos","No aplica","No","Centro Oriental"
"21-24 años","Propia","No","0 - 3000 L.","No","No","No","Si","No","No realizo test","Si","No","Muy satisfecho","Muy satisfecho",3,"Si","No","Si","Sí",0,2,"20-50%","0-30%","0-30%","65-69","Si","1","No","Si","0-2 horas","Alta","Ninguna","Unica Jornada","Vocación","Opinion familiar/amigos","No aplica","No","Centro Oriental"
"21-24 años","Padres","No","3000- 6000 L.","Si","No","No","No","Si","Antes de cursar la carrera;Durante la carrera","No","Si","No satisfecho","Poco satisfecho",1,"No","Sí","Si","No aplica",1,1,"0-20%","0-30%","0-30%","<65","Si","1","Si","Tal vez","0-2 horas","Muy alta","Ninguna","Unica Jornada","Influencia Familiar/Conocidos","No aplica","No era lo que esperaba","No","Centro Oriental"
"25-28 años","Aquiler independiente","Si","Mayor a 6000 L.","Si","Si","Si","Si","Si","Antes de cursar la carrera;Durante la carrera","Si","No","Muy satisfecho","Muy satisfecho",5,"No","No","Si","No",0,4,"mas de 50%","0-30%","0-30%","<65","Si","1","Si","No","2-4 horas","Muy alta","Ninguna","Unica Jornada","Vocación","No aplica","No aplica","No","Centro Oriental"
"mayor de 28","Propia","Si","Mayor a 6000 L.","No","No","Si","Si","No","No realizo test","Si","No","Muy satisfecho","Muy satisfecho",5,"Si","No","Si","Tal vez",0,1,"0-20%","0-30%","0-30%","<65","Si","1","No","Tal vez","0-2 horas","Alta","Ninguna","Unica Jornada","Demanda laboral y Beneficio economico","Recursos y tiempo invertidos","No aplica","No","Centro Oriental"
"21-24 años","Propia","No","0 - 3000 L.","Si","No","No","Si","Si","Antes de cursar la carrera","Si","No","Muy satisfecho","Poco satisfecho",5,"Si","No","Si","No",0,4,"mas de 50%","50-70%","mas de 70%","70-79","Si","2","No","No","2-4 horas","Alta","Feria vocacional y Curso induccion","Unica Jornada","Demanda laboral y Beneficio economico","No aplica","No aplica","No","Centro Oriental"
"21-24 años","Familiares","No","3000- 6000 L.","Si","No","Si","Si","Si","Antes de cursar la carrera","Si","Si","Poco satisfecho","Poco satisfecho",2,"No","No","Si","Sí",0,2,"0-20%","0-30%","0-30%","70-79","Si","1","No","Si","0-2 horas","Media","Feria vocacional y Curso induccion","Unica Jornada","Vocación","Recursos y tiempo invertidos","No aplica","No","Centro Oriental"
"21-24 años","Padres","No","0 - 3000 L.","Si","No","Si","Si","No","No realizo test","Si","Si","Muy satisfecho","Muy satisfecho",4,"Si","No","Si","No",0,2,"0-20%","0-30%","30-50%","70-79","Si","2","No","Tal vez","0-2 horas","Alta","Feria vocacional y Curso induccion","Unica Jornada","Vocación","No aplica","No aplica","No","Centro Oriental"
"25-28 años","Propia","No","0 - 3000 L.","Si","Si","No","Si","No","No realizo test","Si","Si","Muy satisfecho","Poco satisfecho",4,"Si","No","Si","Sí",0,5,"mas de 50%","mas de 70%","0-30%","70-79","Si","2","Si","Tal vez","0-2 horas","Muy alta","Ninguna","Unica Jornada","Vocación","Opinion familiar/amigos","No aplica","No","Centro Oriental"
"21-24 años","Aquiler independiente","No","0 - 3000 L.","Si","No","Si","Si","No","No realizo test","Si","Si","Poco satisfecho","Poco satisfecho",4,"Si","No","Si","No",0,4,"mas de 50%","50-70%","30-50%","70-79","Si","1","No","Tal vez","2-4 horas","Media","Ninguna","Unica Jornada","Demanda laboral y Beneficio economico","No aplica","No aplica","No","Centro Oriental"
"17-20 años","Aquiler independiente","No","0 - 3000 L.","Si","No","Si","Si","Si","Antes de cursar la carrera","No","Si","Poco satisfecho","Poco satisfecho",3,"Si","No","Si","Tal vez",0,1,"0-20%","0-30%","0-30%","No contestó","No","No aplica","Si","Tal vez","0-2 horas","Alta","Ninguna","Unica Jornada","Vocación","Opinion familiar/amigos","No aplica","No","Centro Oriental"
"21-24 años","Propia","No","3000- 6000 L.","Si","Si","Si","Si","Si","Antes de cursar la carrera","Si","Si","Poco satisfecho","Poco satisfecho",4,"No","No","Si","Tal vez",0,5,"mas de 50%","mas de 70%","mas de 70%","70-79","Si","2","Si","No","2-4 horas","Media","Ninguna","Doble Jornada","Demanda laboral y Beneficio economico","Actualmente en proceso de cambio","No aplica","No","Centro Oriental"
"25-28 años","Familiares","Si","Mayor a 6000 L.","No","No","Si","Si","Si","Durante la carrera","Si","Si","Poco satisfecho","Poco satisfecho",2,"Si","No","Si","Tal vez",0,2,"0-20%","0-30%","30-50%","<65","Si","1","No","No","0-2 horas","Muy Baja","Ninguna","Unica Jornada","Vocación","Recursos y tiempo invertidos","No aplica","No","Centro Oriental"
"21-24 años","Familiares","No","0 - 3000 L.","Si","Si","Si","Si","No","No realizo test","Si","Si","Poco satisfecho","Poco satisfecho",3,"No","Sí","Si","No aplica",1,2,"0-20%","0-30%","30-50%","<65","Si","1","No","Si","0-2 horas","Alta","Ninguna","Unica Jornada","Vocación","No aplica","No era lo que esperaba","No","Centro Oriental"
"21-24 años","Padres","No","0 - 3000 L.","No","No","Si","No","No","No realizo test","Si","No","Poco satisfecho","Poco satisfecho",3,"Si","No","Si","No",0,2,"0-20%","0-30%","0-30%","<65","Si","2","Si","Tal vez","0-2 horas","Media","Ninguna","Doble Jornada","Influencia Familiar/Conocidos","No aplica","No aplica","No","Centro Oriental"
"21-24 años","Familiares","Si","0 - 3000 L.","Si","No","No","Si","No","No realizo test","Si","Si","Muy satisfecho","Muy satisfecho",5,"Si","No","Si","No",0,2,"20-50%","0-30%","mas de 70%","70-79","Si","2","No","Tal vez","2-4 horas","Alta","Feria vocacional y Curso induccion","Doble Jornada","Vocación","No aplica","No aplica","No","Centro Oriental"
"17-20 años","Aquiler independiente","No","3000- 6000 L.","Si","No","Si","Si","No","No realizo test","Si","Si","Muy satisfecho","Muy satisfecho",5,"Si","No","Si","No",0,1,"0-20%","0-30%","0-30%","<65","No","No aplica","Si","Si","0-2 horas","Alta","Ninguna","Unica Jornada","Vocación","No aplica","No aplica","No","Noroccidental"
"25-28 años","Padres","No","0 - 3000 L.","Si","No","Si","Si","Si","Antes de cursar la carrera","Si","No","Muy satisfecho","Poco satisfecho",4,"Si","No","Si","No",0,5,"mas de 50%","50-70%","0-30%","65-69","Si","1","No","Tal vez","2-4 horas","Media","Ninguna","Unica Jornada","Demanda laboral y Beneficio economico","No aplica","No aplica","No","Centro Oriental"
"21-24 años","Familiares","Si","Mayor a 6000 L.","Si","No","No","Si","No","No realizo test","Si","No","Muy satisfecho","Muy satisfecho",5,"Si","No","Si","No",0,5,"mas de 50%","mas de 70%","mas de 70%","80-89","No","No aplica","Si","Si","2-4 horas","Alta","Ninguna","Unica Jornada","Demanda laboral y Beneficio economico","No aplica","No aplica","No","Centro Oriental"
"25-28 años","Familiares","No","Mayor a 6000 L.","Si","Si","Si","Si","No","No realizo test","Si","Si","Poco satisfecho","Poco satisfecho",2,"Si","No","Si","Sí",0,3,"20-50%","30-50%","30-50%","70-79","Si","2","Si","Si","2-4 horas","Media","Ninguna","Doble Jornada","Demanda laboral y Beneficio economico","Opinion familiar/amigos","No aplica","No","Centro Oriental"
"mayor de 28","Padres","Si","3000- 6000 L.","No","No","Si","Si","No","No realizo test","Si","No","Poco satisfecho","Poco satisfecho",3,"No","Sí","Si","No aplica",1,2,"20-50%","0-30%","0-30%","<65","Si","1","Si","No","0-2 horas","Baja","Ninguna","Unica Jornada","Vocación","No aplica","No era lo que esperaba","No","Centro Oriental"
"21-24 años","Padres","Si","3000- 6000 L.","Si","No","Si","Si","Si","Antes de cursar la carrera","No","Si","Muy satisfecho","Muy satisfecho",4,"No","Sí","Si","No aplica",1,2,"20-50%","0-30%","50-70%","65-69","Si","2","No","Tal vez","0-2 horas","Media","Ninguna","Unica Jornada","Demanda laboral y Beneficio economico","No aplica","Factor económico","No","Centro Oriental"
"21-24 años","Aquiler independiente","No","0 - 3000 L.","Si","No","Si","Si","No","No realizo test","Si","No","Muy satisfecho","Muy satisfecho",4,"No","Sí","Si","No aplica",1,5,"mas de 50%","mas de 70%","30-50%","80-89","No","No aplica","Si","Si","mas de 4 horas","Media","Ninguna","Jornada completa","Influencia Familiar/Conocidos","No aplica","Cambio de intereses personales","No","Centro Occidental"
"25-28 años","Padres","No","0 - 3000 L.","No","No","No","Si","No","No realizo test","Si","No","Muy satisfecho","Poco satisfecho",4,"Si","Sí","Si","No aplica",1,4,"mas de 50%","50-70%","30-50%","65-69","Si","1","Si","Tal vez","2-4 horas","Alta","Ninguna","Doble Jornada","Demanda laboral y Beneficio economico","No aplica","Falta de puntos en la PAA","No","Centro Oriental"
"21-24 años","Aquiler independiente","No","0 - 3000 L.","Si","No","Si","Si","Si","Antes de cursar la carrera","Si","Si","Muy satisfecho","Poco satisfecho",4,"Si","No","Si","Sí",0,4,"mas de 50%","50-70%","30-50%","70-79","Si","3","Si","Si","0-2 horas","Alta","Ninguna","Unica Jornada","Vocación","Recursos y tiempo invertidos","No aplica","No","Centro Oriental"
"17-20 años","Familiares","No","Mayor a 6000 L.","Si","No","No","No","No","No realizo test","Si","Si","Poco satisfecho","Muy satisfecho",3,"Si","No","Si","Sí",0,1,"0-20%","0-30%","50-70%","<65","No","No aplica","Si","Tal vez","0-2 horas","Media","Ninguna","Unica Jornada","Vocación","Opinion familiar/amigos","No aplica","No","Centro Oriental"
"25-28 años","Padres","No","0 - 3000 L.","Si","No","Si","Si","No","No realizo test","Si","No","Poco satisfecho","Poco satisfecho",3,"Si","No","Si","Sí",0,2,"20-50%","0-30%","0-30%","<65","Si","1","Si","No","2-4 horas","Muy alta","Ninguna","Unica Jornada","Demanda laboral y Beneficio economico","No cumple con requisitos requeridos","No aplica","No","Centro Oriental"
"21-24 años","Aquiler independiente","No","Mayor a 6000 L.","No","No","Si","Si","Si","Antes de cursar la carrera","Si","No","Muy satisfecho","Poco satisfecho",4,"Si","No","Si","No",0,3,"20-50%","0-30%","50-70%","70-79","Si","2","Si","Si","2-4 horas","Media","Orientacion VOAE","Unica Jornada","Vocación","No aplica","No aplica","No","Centro Occidental"
"25-28 años","Aquiler independiente","No","3000- 6000 L.","Si","No","Si","Si","No","No realizo test","Si","No","Muy satisfecho","Muy satisfecho",5,"No","Sí","Si","No aplica",1,4,"mas de 50%","50-70%","30-50%","70-79","Si","2","Si","Si","mas de 4 horas","Alta","Ninguna","Doble Jornada","Demanda laboral y Beneficio economico","No aplica","No era lo que esperaba","No","Centro Oriental"
"21-24 años","Padres","No","0 - 3000 L.","Si","Si","Si","Si","Si","Antes de cursar la carrera","Si","Si","Muy satisfecho","Poco satisfecho",4,"No","Sí","Si","No aplica",1,1,"0-20%","0-30%","0-30%","<65","Si","1","Si","No","0-2 horas","Alta","Ninguna","Unica Jornada","Vocación","No aplica","No era lo que esperaba","No","Centro Oriental"
"21-24 años","Padres","Si","Mayor a 6000 L.","Si","No","Si","No","No","No realizo test","Si","No","Poco satisfecho","Muy satisfecho",3,"Si","No","Si","Tal vez",0,1,"0-20%","0-30%","0-30%","<65","Si","1","No","Si","2-4 horas","Media","Ninguna","Unica Jornada","Vocación","No cumple con requisitos requeridos","No aplica","No","Centro Oriental"
"mayor de 28","Padres","No","0 - 3000 L.","Si","Si","Si","No","No","No realizo test","Si","No","No satisfecho","Poco satisfecho",3,"Si","No","Si","Sí",0,1,"0-20%","0-30%","0-30%","<65","Si","1","Si","No","2-4 horas","Baja","Feria vocacional y Curso induccion","Doble Jornada","Vocación","No cumple con requisitos requeridos","No aplica","No","Centro Oriental"
"21-24 años","Padres","Si","0 - 3000 L.","Si","No","Si","Si","Si","Antes de cursar la carrera","Si","Si","Poco satisfecho","Nada satisfecho",4,"Si","No","No","No",0,3,"20-50%","0-30%","30-50%","65-69","Si","2","Si","Si","2-4 horas","Muy alta","Feria vocacional y Curso induccion","Jornada completa","Demanda laboral y Beneficio economico","No aplica","No aplica","No","Centro Oriental"
"25-28 años","Padres","No","0 - 3000 L.","No","No","Si","No","No","No realizo test","Si","Si","Muy satisfecho","Muy satisfecho",5,"No","Sí","Si","No aplica",1,1,"0-20%","0-30%","0-30%","70-79","Si","1","Si","Tal vez","0-2 horas","Baja","Ninguna","Unica Jornada","Influencia Familiar/Conocidos","No aplica","Influencia familiar","No","Centro Oriental"
"17-20 años","Aquiler independiente","No","3000- 6000 L.","Si","No","Si","Si","Si","Durante la carrera","No","Si","Poco satisfecho","Poco satisfecho",2,"No","Sí","Si","No aplica",1,2,"0-20%","0-30%","30-50%","80-89","Si","2","Si","Tal vez","2-4 horas","Alta","Ninguna","Unica Jornada","Demanda laboral y Beneficio economico","No aplica","No era lo que esperaba","No","Nororiental"
"21-24 años","Padres","No","0 - 3000 L.","Si","No","No","Si","No","No realizo test","Si","Si","Muy satisfecho","Poco satisfecho",4,"Si","No","Si","No",0,3,"20-50%","50-70%","30-50%","70-79","Si","1","Si","Tal vez","0-2 horas","Media","Feria vocacional y Curso induccion","Unica Jornada","Demanda laboral y Beneficio economico","No aplica","No aplica","No","Centro Oriental"
"21-24 años","Aquiler independiente","No","3000- 6000 L.","Si","No","Si","Si","Si","Antes de cursar la carrera;Durante la carrera","No","Si","Poco satisfecho","Nada satisfecho",3,"No","Sí","Si","No aplica",1,4,"mas de 50%","30-50%","mas de 70%","70-79","Si","2","Si","Tal vez","2-4 horas","Media","Ninguna","Jornada completa","Vocación","No aplica","Falta de puntos en la PAA","No","Centro Occidental"
"21-24 años","Padres","Si","0 - 3000 L.","No","No","Si","No","Si","Antes de cursar la carrera;Durante la carrera","Si","No","Poco satisfecho","Poco satisfecho",3,"Si","No","Si","Tal vez",0,2,"20-50%","0-30%","0-30%","<65","Si","1","Si","No","0-2 horas","Alta","Ninguna","Jornada completa","Demanda laboral y Beneficio economico","Recursos y tiempo invertidos","No aplica","No","Centro Oriental"
"21-24 años","Aquiler independiente","Si","3000- 6000 L.","Si","No","Si","Si","No","No realizo test","Si","No","Poco satisfecho","Nada satisfecho",3,"Si","No","Si","No",0,4,"mas de 50%","30-50%","mas de 70%","65-69","Si","3","No","Si","2-4 horas","Media","Ninguna","Jornada completa","Demanda laboral y Beneficio economico","No aplica","No aplica","No","Noroccidental"
"25-28 años","Padres","No","Mayor a 6000 L.","Si","No","Si","Si","Si","Antes de cursar la carrera","Si","No","Poco satisfecho","Poco satisfecho",4,"Si","No","Si","Tal vez",0,5,"mas de 50%","50-70%","mas de 70%","70-79","Si","2","Si","Si","2-4 horas","Media","Ninguna","Jornada completa","Vocación","Recursos y tiempo invertidos","No aplica","No","Centro Oriental"
"17-20 años","Padres","No","0 - 3000 L.","Si","No","No","No","Si","Antes de cursar la carrera","Si","Si","Poco satisfecho","Poco satisfecho",3,"Si","No","Si","Tal vez",0,1,"0-20%","30-50%","30-50%","<65","No","No aplica","Si","Si","0-2 horas","Alta","Orientacion VOAE","Unica Jornada","Demanda laboral y Beneficio economico","Recursos y tiempo invertidos","No aplica","No","Centro Oriental"
"21-24 años","Padres","No","0 - 3000 L.","Si","No","Si","Si","Si","Antes de cursar la carrera","No","Si","Muy satisfecho","Muy satisfecho",4,"Si","No","Si","No",0,4,"mas de 50%","30-50%","0-30%","80-89","Si","2","Si","Tal vez","0-2 horas","Muy alta","Feria vocacional y Curso induccion","Doble Jornada","Demanda laboral y Beneficio economico","No aplica","No aplica","No","Centro Oriental"
